"Chuva","Sementes","Fertilizante"
"29.4831915999742","252.161432078327","F1"
"28.6932621269499","246.296111573192","F1"
"31.0568518854768","258.530754747303","F1"
"28.0894457805685","242.691391434686","F1"
"28.0461639365932","244.396813969118","F1"
"31.0284247309327","257.91708534197","F1"
"30.5743350869548","255.406400607515","F1"
"30.667175404977","255.137555367826","F1"
"29.6746969179119","251.962102047953","F1"
"29.9513385122906","252.006403105828","F1"
"30.6141337501339","256.662987787572","F1"
"30.1746143326321","254.154792313866","F1"
"29.1777024420319","248.957534040132","F1"
"30.580876207535","255.680114638244","F1"
"29.4271090852265","247.905317771079","F1"
"30.1641611885527","254.767557699308","F1"
"30.4609390155577","255.684307497202","F1"
"29.4222234927421","250.621567267789","F1"
"30.8650948437603","256.030146205786","F1"
"29.5550403580419","251.067150877572","F1"
"31.3385470467229","259.121083887805","F1"
"28.9674222231462","246.947973942962","F1"
"30.2886368742763","255.529764548854","F1"
"29.8411328668497","252.220385924831","F1"
"29.9048136174455","252.007066347505","F1"
"30.7099842214151","257.642073272672","F1"
"29.2193229522284","249.252302681426","F1"
"31.2750414898429","259.111274500756","F1"
"30.4223355117876","253.96857718603","F1"
"30.7626673763707","255.631750468857","F1"
"27.8189328431623","242.249817273755","F1"
"29.2997672865308","249.606613628993","F1"
"30.6259087247029","255.152450531428","F1"
"31.8650194876221","262.990835433548","F1"
"31.2140014996178","259.246962648094","F1"
"30.5255649803999","255.575980840444","F1"
"31.4317624162942","259.576398845418","F1"
"29.5487250725326","249.619958299712","F1"
"29.8805096052182","252.341280856311","F1"
"31.3589121330575","260.107895533183","F1"
"30.0224750976328","252.45190929421","F1"
"31.3460409045477","258.321669489422","F1"
"29.7041821782582","252.377319835689","F1"
"31.4269449397687","260.952206792798","F1"
"30.0710105126389","253.042058436591","F1"
"29.2272284079234","249.821501133387","F1"
"28.9566102437559","249.459450092707","F1"
"29.4807269200917","250.926404644693","F1"
"30.2809867959391","256.056918102274","F1"
"29.3178687199259","248.100355337506","F1"
"31.271796959842","260.680294267026","F1"
"30.8474179594197","254.917896327151","F1"
"30.8785836831222","257.461446480769","F1"
"29.8769485507481","251.960569411445","F1"
"29.9832868071065","253.234320580326","F1"
"30.0460963282595","254.131750717094","F1"
"30.087411208377","252.831385104459","F1"
"29.5096108590499","251.131601622096","F1"
"29.7484706292615","251.982919334595","F1"
"30.0591641068604","253.948836841937","F1"
"29.2368720086251","249.253797543852","F1"
"30.6584124211754","254.463862119791","F1"
"31.4666112615068","259.854916864415","F1"
"31.6750798689634","260.952810360347","F1"
"29.5880026862618","251.950063311802","F1"
"30.5505851796169","254.499727479454","F1"
"30.4961279014891","254.492275115888","F1"
"30.0822018601876","253.781437888497","F1"
"31.26772650587","259.635298529447","F1"
"29.605459367345","250.078413785343","F1"
"31.4798245744813","259.329699604766","F1"
"30.4523702051959","254.748335912833","F1"
"31.7329847372188","261.785863442185","F1"
"29.793223697551","250.785953392941","F1"
"30.1020853018729","255.796566726388","F1"
"29.853117688056","251.791012668181","F1"
"29.4029148889669","250.33068347187","F1"
"30.5540192138884","254.056615271326","F1"
"29.5114319903109","250.623406801857","F1"
"28.4365077396921","245.038871510507","F1"
"31.8146184318134","262.869401984637","F1"
"30.6611216008704","257.114092870662","F1"
"29.852390506533","252.556254273861","F1"
"30.823536348976","257.89510655419","F1"
"29.4632458205709","248.949102758705","F1"
"27.9314094773761","242.283123475891","F1"
"29.1623426338391","248.635005228159","F1"
"29.8386165865997","250.91915163123","F1"
"29.8708944733378","250.719966869278","F1"
"29.0598410625691","247.652781654972","F1"
"30.047645823156","252.306482357312","F1"
"28.9275727833709","248.472932489936","F1"
"30.6793788593568","257.329908038435","F1"
"30.3355533614706","253.882005439454","F1"
"29.1568505210212","249.995509218724","F1"
"29.1713591999131","248.083420546431","F1"
"30.0114143477435","251.878797407785","F1"
"30.5709455512528","256.780432530321","F1"
"31.0663767894003","256.484599999343","F1"
"30.8794204981365","257.600840168947","F1"
"31.5759921717675","261.104633622153","F1"
"31.3688726540195","259.540978551217","F1"
"29.9038769864693","252.136763078169","F1"
"30.1327787205297","253.01120268804","F1"
"30.9399535687824","258.859723703886","F1"
"30.5837524940037","255.002999964183","F1"
"29.7550023879021","252.303285804918","F1"
"30.0822735153022","252.382948041158","F1"
"30.6480126789762","254.422343463208","F1"
"31.527508367968","262.143299860792","F1"
"28.6670088849127","246.137447202975","F1"
"29.8499168667385","251.956384159671","F1"
"28.0847781642173","244.699920042977","F1"
"30.8176389072964","256.576208495604","F1"
"28.0963194015609","243.583636117383","F1"
"30.8382823551142","256.379342647645","F1"
"29.9429615016354","253.501243236516","F1"
"31.2180337469816","259.811104688324","F1"
"28.9074459191724","247.302594648533","F1"
"30.4154665825095","254.482921716513","F1"
"27.1868794366581","239.233156654311","F1"
"30.6405589184847","256.103671536888","F1"
"29.9333756657073","251.941385325629","F1"
"30.4950029107895","254.497548797364","F1"
"31.024787376073","259.246898069042","F1"
"28.9908288604278","247.985759473371","F1"
"28.2535678563709","244.368032030203","F1"
"29.8081615044334","251.455108404695","F1"
"30.4051052557451","255.918161678237","F1"
"31.7455438096033","261.082033673104","F1"
"31.7020459424613","262.404605834012","F1"
"31.1750950937465","259.284807521554","F1"
"30.7134297452589","255.844644912508","F1"
"32.4890951446515","265.328324284411","F1"
"31.2520906381278","258.240450831788","F1"
"29.5038365912628","251.605678860118","F1"
"28.9025584824109","247.519681174751","F1"
"28.2394111607746","245.274701128314","F1"
"28.8329707148921","246.992296165908","F1"
"28.3551315504195","244.282308064201","F1"
"29.7393022274359","250.547642848446","F1"
"29.5284366894421","249.946059399673","F1"
"29.9495977615821","253.719367062116","F1"
"29.2857973560838","251.493226592302","F1"
"29.3003802444392","249.770658371212","F1"
"30.3909988549775","253.957222753073","F1"
"28.5127484250851","245.786965933782","F1"
"30.9684753007608","256.762033483644","F1"
"30.3851059346671","255.924193027882","F1"
"29.5801469691691","250.327112241247","F1"
"30.5655732507407","256.984692947102","F1"
"31.7480452117147","261.327023318311","F1"
"31.0077261816518","257.045109125461","F1"
"27.8274537088684","241.596468610441","F1"
"28.3352808787254","243.371485738824","F1"
"29.6642582114876","250.433550114267","F1"
"29.7482760570257","252.433384602436","F1"
"30.0363515970426","253.201192158619","F1"
"30.6145223476953","256.889354290668","F1"
"31.7428913622968","262.254187464395","F1"
"29.6086060172722","253.327073500926","F1"
"30.6156968737375","254.362969437413","F1"
"30.4350809098308","255.04820116189","F1"
"29.127550891007","246.081176265946","F1"
"29.8647144882087","253.20199927149","F1"
"28.5886511633864","246.063130734306","F1"
"30.374845892468","254.611118515366","F1"
"30.0420302766434","251.604383336939","F1"
"31.1084369706046","260.050383204131","F1"
"29.6967244226727","252.203687905072","F1"
"29.6743538923297","250.839397053598","F1"
"30.9598518824168","257.315908039403","F1"
"29.5340263482034","250.208899028482","F1"
"29.9527106300554","253.757191871939","F1"
"30.5680511274548","256.644034332142","F1"
"28.75427307918","246.645585938627","F1"
"30.7995783889838","255.722644756576","F1"
"29.2454694188705","249.1976482543","F1"
"30.0586524274973","252.517654455484","F1"
"29.4509428599888","250.13737993539","F1"
"29.6156600636833","248.730212307382","F1"
"29.5468523476682","251.155680188626","F1"
"30.5465077613145","256.780656427931","F1"
"30.1228873611453","253.460243940259","F1"
"29.5651358118448","251.247492755172","F1"
"30.6697586541471","256.8975161818","F1"
"28.1761360776673","245.194464026375","F1"
"29.740491497223","251.162528326055","F1"
"30.5938030800996","258.400002860574","F1"
"30.6883637624049","255.471461432967","F1"
"29.5418934779978","250.638360461493","F1"
"29.5542030644868","250.673956531334","F1"
"31.2372699919289","259.633525551359","F1"
"29.5884261941458","250.978495529134","F1"
"30.9862063548119","255.736200442876","F1"
"31.4996293570701","260.866440461649","F1"
"27.8149763990673","242.57245853602","F1"
"30.3596830091692","255.241664512599","F1"
"30.217720465215","254.517904186315","F1"
"31.785093094561","261.529982038718","F1"
"28.7543880004152","246.805361976121","F1"
"31.9287175096379","263.017069744872","F1"
"29.664485041592","251.562042902591","F1"
"28.9457766508274","247.011441380745","F1"
"30.203012254406","254.136108669629","F1"
"28.4089210056453","244.532942314817","F1"
"28.0573097138778","244.606251413589","F1"
"31.5821500057593","262.275476006028","F1"
"30.3431766648745","253.039230829978","F1"
"30.6140568614473","255.633367101299","F1"
"29.5683532186998","249.914014730222","F1"
"29.733512201684","251.202294112998","F1"
"29.6167117396759","251.590785110432","F1"
"29.5661145525595","252.013899965486","F1"
"30.2348704664297","254.72029658536","F1"
"30.8470237332308","256.744190882639","F1"
"29.9779096346093","252.481017967145","F1"
"30.7147095323925","257.687989008129","F1"
"29.0306073890781","248.824072215362","F1"
"30.1727867046136","252.677461317381","F1"
"31.1253120964184","261.814644624868","F1"
"29.1420703957834","250.071531210024","F1"
"29.1578438213654","249.902177749005","F1"
"29.9451611598619","253.44803994722","F1"
"30.2130507236846","253.603522004374","F1"
"28.7767613545524","247.107146762401","F1"
"29.5256894626392","248.741098228378","F1"
"30.2431802678123","253.743674721103","F1"
"29.1016647961524","248.353208907271","F1"
"29.9558366818886","253.527325785777","F1"
"28.8532743276476","245.942912598402","F1"
"28.7453583715539","247.275793245186","F1"
"29.787174669146","250.078061328858","F1"
"30.0627589303217","254.513226212981","F1"
"28.0239400126529","242.825394923164","F1"
"29.4882369210062","250.667798843561","F1"
"31.160304126788","260.884457645481","F1"
"30.4176992580699","255.308054139421","F1"
"30.4920709373495","255.263773006475","F1"
"29.704472456776","251.135645460053","F1"
"30.6435283189534","256.92679407944","F1"
"30.2382041210354","254.661376860457","F1"
"29.2524187961933","251.413471322618","F1"
"31.583289342571","262.574354090784","F1"
"29.6468655631089","250.841964604599","F1"
"28.6047168091739","245.771938489407","F1"
"30.9514790511473","257.238236122399","F1"
"28.7135418829743","245.564157920928","F1"
"31.395434124064","258.685317696182","F1"
"28.59876950605","246.01416155251","F1"
"30.8925389025662","258.415187725491","F1"
"29.8556796405816","250.643147322717","F1"
"31.8576806429159","261.907361289588","F1"
"31.0221036298629","258.264801179134","F1"
"29.5309567803356","250.635941167522","F1"
"31.0179937812886","257.954632011398","F1"
"30.2794621377861","255.100928971718","F1"
"30.5106162399159","255.923869086077","F1"
"28.8681678628311","248.597523611351","F1"
"29.24537948573","248.096658524325","F1"
"30.2261906995359","255.115901396529","F1"
"29.849953888033","252.060875189391","F1"
"29.5345018016013","251.685971800069","F1"
"30.1145486498363","253.564428211463","F1"
"30.7435507261079","257.456929021451","F1"
"30.4724264570503","255.718863929823","F1"
"30.7290391854019","256.959525048735","F1"
"28.2781876044505","245.624438063845","F1"
"29.1413156496409","249.404116920445","F1"
"30.9503975331603","257.803210723845","F1"
"30.6367966565667","255.690842929935","F1"
"31.4972689127627","260.660361668426","F1"
"31.3833465260215","260.263823176941","F1"
"30.2328740408941","253.367688893292","F1"
"29.4876482994639","251.810157648807","F1"
"28.9417450614814","247.382806763413","F1"
"30.2937751420328","254.971987368576","F1"
"29.8627055255358","251.126995210498","F1"
"29.8406177430337","253.905530398876","F1"
"29.4619512162486","251.139196147789","F1"
"29.4440532844034","250.97093919183","F1"
"31.7767186706414","261.972983138411","F1"
"29.0095329843048","249.387110386262","F1"
"29.4332290960218","251.741890232157","F1"
"28.8565820762943","248.107457646743","F1"
"30.4360154006138","255.761444252745","F1"
"29.5305470995656","250.78465277589","F1"
"29.010193500375","247.684997522279","F1"
"30.3574102459193","256.120206044337","F1"
"28.8384267116828","249.019051596566","F1"
"29.4537448432576","251.368659977218","F1"
"28.4255563792068","243.944795690602","F1"
"27.8506717367403","242.544020991875","F1"
"29.2520298020087","250.952558317656","F1"
"29.3389243344489","251.238699276764","F1"
"30.7264482520724","258.56582958839","F1"
"28.5194373345379","246.706228092068","F1"
"29.8090474003396","250.181357460091","F1"
"29.3331553933267","249.692734938683","F1"
"29.9809542243065","254.100117850079","F1"
"31.0047618176003","261.255107906453","F1"
"29.593446716909","251.028996333191","F1"
"31.6681169229406","259.559821574465","F1"
"31.4309699916031","260.568630341377","F1"
"29.9033766706501","253.145595624741","F1"
"29.7459526185116","253.807433590261","F1"
"29.5023543500935","250.587529043005","F1"
"29.5927512348814","249.945799815651","F1"
"29.6525657159986","250.160920659772","F1"
"30.9971454473385","257.806291759116","F1"
"29.2996514848537","249.265697412254","F1"
"30.7809646892514","258.121613768285","F1"
"30.2237292130567","251.980644576744","F1"
"27.3839502395347","240.245011217107","F1"
"30.9945289007605","256.33605353861","F1"
"30.4052482260667","254.670592954212","F1"
"29.0367367730775","248.203069089887","F1"
"30.5087334705331","254.516318463517","F1"
"31.5078643095556","261.628325472521","F1"
"29.2505660305012","249.350307186138","F1"
"29.3299848120823","249.937086169702","F1"
"30.2808554364615","254.605284733706","F1"
"30.763818719152","257.331943302254","F1"
"30.7140556015268","258.233231613321","F1"
"29.4853194192685","251.422548010682","F1"
"28.4161629807272","244.946637306624","F1"
"30.6855968437331","256.779819873774","F1"
"30.7944429316974","257.796556391314","F1"
"30.6986123694673","255.874512423031","F1"
"31.1941228167806","258.706946804096","F1"
"31.2729534790567","258.905738559842","F1"
"29.335135578841","249.931820098388","F1"
"29.8554126212397","253.308130000398","F1"
"30.6125632565177","256.376403161266","F1"
"31.3046380734846","259.17095089763","F1"
"30.0066904075026","250.943155030438","F1"
"31.2605589718449","259.705463021117","F1"
"27.3941536899726","239.314592215355","F1"
"28.6937583728076","245.259126035403","F1"
"30.2208843720558","253.452030221071","F1"
"31.4756514728666","257.909900195534","F1"
"30.5860597473068","255.995904653388","F1"
"31.1015342291894","258.791505489537","F1"
"29.5927084813754","250.537828376286","F1"
"30.3163337072281","255.578937215027","F1"
"28.9483981130392","247.785180163448","F1"
"30.0793093109303","252.715988446319","F1"
"31.0074523884991","258.206549952186","F1"
"31.2303688662766","259.371386805248","F1"
"31.0014976093717","257.624254892437","F1"
"31.1157306360114","257.897125643895","F1"
"29.7486796480801","250.732140108624","F1"
"29.1892005814369","250.574381289471","F1"
"27.7065402998528","241.211748691062","F1"
"30.7487156937108","255.894568011668","F1"
"31.0458729289557","260.078912083696","F1"
"30.0342511115847","252.963202217485","F1"
"30.3588775813467","253.882592592598","F1"
"29.2418244430773","248.423300810778","F1"
"30.5353362596521","257.063265241266","F1"
"30.5627020210275","254.69114104235","F1"
"30.2127134927111","254.691275458923","F1"
"30.4772557452782","255.690720862853","F1"
"28.1228303347168","243.108535722819","F1"
"29.7353291995183","253.05788694735","F1"
"29.5837261266345","250.823341394282","F1"
"31.094499766903","258.033943787381","F1"
"31.4844427608331","259.430785450835","F1"
"30.5815229703788","255.91607102196","F1"
"29.155825422108","248.416670644227","F1"
"30.1070897585638","255.022398443955","F1"
"30.1863456698372","253.820122081377","F1"
"31.0695679681535","257.484868030242","F1"
"32.5762632530746","263.677915942614","F1"
"28.4480064042145","246.036164721332","F1"
"29.2320326175283","250.065204781914","F1"
"29.5682429123394","250.732255213438","F1"
"28.5778868014004","244.205869710123","F1"
"29.0117954005313","247.648526065304","F1"
"28.002645423511","243.222814679899","F1"
"30.3428024412063","254.522895255506","F1"
"29.9008002785116","253.588826132779","F1"
"29.9914033150458","253.008431963955","F1"
"27.627850104333","241.841727939328","F1"
"29.4831870493848","247.877754798451","F1"
"30.5349542162932","254.922491705294","F1"
"29.6644564604531","251.63805106744","F1"
"30.7636781871204","257.052815347317","F1"
"29.6173023276494","252.207657309028","F1"
"29.2937328752962","249.482901038836","F1"
"29.5990273394939","249.628866769823","F1"
"30.8110216904613","257.959229626688","F1"
"30.3773481412049","255.920246660518","F1"
"29.7760172443056","251.75262394156","F1"
"30.255528219547","253.827754491035","F1"
"29.683185034762","251.623554637633","F1"
"29.8470253198707","251.721448993776","F1"
"28.3686060115588","243.607349033891","F1"
"29.3532379268378","250.9590171292","F1"
"31.9935052289927","262.221217685705","F1"
"30.7875140206526","256.338730293048","F1"
"29.7342891359623","251.832110824164","F1"
"30.912518582753","257.688685076015","F1"
"30.4249082278087","256.267515710065","F1"
"31.3682525853806","260.938208432532","F1"
"30.6942128260406","256.516278913512","F1"
"29.1213678211966","248.659910589314","F1"
"29.0052116065407","247.51206559066","F1"
"29.1261818645056","246.74367477534","F1"
"30.1441401050923","252.79276479967","F1"
"30.4037117050098","254.142998300175","F1"
"30.7054563129667","257.669713616183","F1"
"29.5340402484762","249.774618214711","F1"
"29.416408451478","247.988148698673","F1"
"28.5725862962933","248.047800223544","F1"
"30.4700578544645","256.119576924136","F1"
"31.0494845929242","256.098302484432","F1"
"29.4189121513683","251.160530099066","F1"
"30.4998645839014","257.159214140722","F1"
"29.5240095749546","251.246669571626","F1"
"29.8686131280703","253.15649154752","F1"
"30.3690816262933","256.01134130933","F1"
"29.046294238733","248.098029534288","F1"
"29.2365960739376","250.141317337879","F1"
"29.5376581034206","250.994712339262","F1"
"30.2852416340291","253.994721235573","F1"
"30.6191750137689","257.18227969424","F1"
"29.9765497877058","252.768076330282","F1"
"28.3904478457296","243.348737323846","F1"
"31.2609363057228","259.344367667679","F1"
"31.1122416167094","258.179230486317","F1"
"29.4634377229041","251.601092015642","F1"
"28.2160477518033","245.693346699888","F1"
"30.9388815959335","256.85509767507","F1"
"29.3790894455922","250.051599426423","F1"
"29.9381001023043","254.102868013453","F1"
"29.0434141500187","247.675862637026","F1"
"31.1248872879813","258.947862579966","F1"
"30.3122882910712","255.567084087678","F1"
"33.7714010574765","271.007882152286","F1"
"29.2616990589583","250.523643036274","F1"
"29.3991411002049","249.046098505686","F1"
"29.8261488179775","252.454004324733","F1"
"30.0963231778889","253.419514765572","F1"
"29.7098203370973","252.333386688814","F1"
"29.7955298434253","252.025830519529","F1"
"30.5370353409152","254.453794951175","F1"
"31.8937233554697","260.779214316122","F1"
"31.4509869045396","258.587207712095","F1"
"29.7462644272837","252.657870690379","F1"
"30.3097781558717","254.84907767557","F1"
"29.7558393523341","250.549114491771","F1"
"28.8805371604538","246.596153880025","F1"
"30.0100588893147","253.199326066851","F1"
"31.2717648272125","259.196549320306","F1"
"29.5604262717915","250.384747840877","F1"
"30.8533438122308","256.28682076564","F1"
"28.136999084911","243.683615111055","F1"
"30.9965147838872","257.871490222356","F1"
"30.4975403029157","256.616573499792","F1"
"31.2207370075082","257.446498594361","F1"
"30.9127950809855","256.333640166397","F1"
"29.5223897547355","250.152076420617","F1"
"33.0081893665906","268.590586244849","F1"
"29.9435437299218","252.371301768282","F1"
"29.4442662271246","251.394417269488","F1"
"32.0017327657071","263.247794050002","F1"
"29.2049692960953","249.145843205613","F1"
"29.7130915236108","251.212814869754","F1"
"30.2239977592122","251.3910891238","F1"
"29.7804903139474","252.613319485266","F1"
"29.4643026661305","250.324914776941","F1"
"30.6218067829941","256.337443481522","F1"
"30.5935661856516","255.538490523968","F1"
"30.0683263304871","252.473266800719","F1"
"31.7803307463519","261.806326052105","F1"
"30.2050396884135","255.154170136892","F1"
"27.9520875137598","242.491737319218","F1"
"30.4462743850349","256.600434729451","F1"
"31.1259064590207","260.244711513771","F1"
"30.5624484106191","258.276795406549","F1"
"28.6772548924579","246.408248533205","F1"
"30.61075917035","254.650635934555","F1"
"30.7750242711","257.314420143528","F1"
"29.1324431440941","248.455179489255","F1"
"28.830232712136","246.504165262903","F1"
"32.5432589363247","267.061391196988","F1"
"29.4627746303089","249.89200024274","F1"
"29.1636006801312","246.647058061485","F1"
"29.1155285085578","248.807347759821","F1"
"29.7595459162152","249.89427660865","F1"
"30.7853021269474","258.472316247974","F1"
"30.3653254565566","253.753980849124","F1"
"30.900906071693","258.941286368628","F1"
"29.5759638105279","249.733468927805","F1"
"30.0899372381949","255.244165197564","F1"
"29.5641537193705","251.316066794592","F1"
"30.0910845460203","253.835652091215","F1"
"29.6382211665439","251.637967632396","F1"
"28.8961538651427","247.9690510939","F1"
"29.4831915999742","244.277722904162","F2"
"28.6932621269499","241.061220846875","F2"
"31.0568518854768","250.238312463745","F2"
"28.0894457805685","238.886102560137","F2"
"28.0461639365932","238.787888398401","F2"
"31.0284247309327","253.969798031683","F2"
"30.5743350869548","251.015768472728","F2"
"30.667175404977","249.746005369397","F2"
"29.6746969179119","246.937347048458","F2"
"29.9513385122906","247.203218413852","F2"
"30.6141337501339","251.800967518448","F2"
"30.1746143326321","247.910428305038","F2"
"29.1777024420319","243.014916720412","F2"
"30.580876207535","251.550049755015","F2"
"29.4271090852265","245.154551204301","F2"
"30.1641611885527","250.210953203814","F2"
"30.4609390155577","249.07335091167","F2"
"29.4222234927421","244.018294323455","F2"
"30.8650948437603","251.431636412617","F2"
"29.5550403580419","245.786521595716","F2"
"31.3385470467229","254.962393370975","F2"
"28.9674222231462","243.425029856196","F2"
"30.2886368742763","248.999091169381","F2"
"29.8411328668497","248.357739941761","F2"
"29.9048136174455","249.128958116286","F2"
"30.7099842214151","251.765844441512","F2"
"29.2193229522284","244.49399194072","F2"
"31.2750414898429","254.753183315669","F2"
"30.4223355117876","249.467020330871","F2"
"30.7626673763707","251.291902922511","F2"
"27.8189328431623","237.865685615","F2"
"29.2997672865308","245.780923264392","F2"
"30.6259087247029","251.394143345085","F2"
"31.8650194876221","257.122291693795","F2"
"31.2140014996178","255.782401807025","F2"
"30.5255649803999","252.123720525164","F2"
"31.4317624162942","255.69233722376","F2"
"29.5487250725326","245.062335923137","F2"
"29.8805096052182","249.305540484902","F2"
"31.3589121330575","254.501182082694","F2"
"30.0224750976328","249.401763003651","F2"
"31.3460409045477","255.039149725447","F2"
"29.7041821782582","246.404686838819","F2"
"31.4269449397687","254.433285794654","F2"
"30.0710105126389","246.121877234886","F2"
"29.2272284079234","242.194785280313","F2"
"28.9566102437559","243.73085317131","F2"
"29.4807269200917","245.972517882103","F2"
"30.2809867959391","249.744362208342","F2"
"29.3178687199259","245.299128264238","F2"
"31.271796959842","254.841782043919","F2"
"30.8474179594197","251.988781818146","F2"
"30.8785836831222","252.201191239576","F2"
"29.8769485507481","248.230628212558","F2"
"29.9832868071065","248.517858990063","F2"
"30.0460963282595","248.068705313488","F2"
"30.087411208377","248.310311975481","F2"
"29.5096108590499","246.352841228577","F2"
"29.7484706292615","247.687731159224","F2"
"30.0591641068604","249.162210193964","F2"
"29.2368720086251","245.80518760904","F2"
"30.6584124211754","250.014163692552","F2"
"31.4666112615068","256.706808310501","F2"
"31.6750798689634","257.91961843067","F2"
"29.5880026862618","245.669993061192","F2"
"30.5505851796169","250.580848173671","F2"
"30.4961279014891","250.570676744351","F2"
"30.0822018601876","249.373732099639","F2"
"31.26772650587","254.709524915351","F2"
"29.605459367345","245.446468137204","F2"
"31.4798245744813","256.484881526658","F2"
"30.4523702051959","252.175315283922","F2"
"31.7329847372188","255.821070022028","F2"
"29.793223697551","246.919809291169","F2"
"30.1020853018729","247.441174164905","F2"
"29.853117688056","246.991452643636","F2"
"29.4029148889669","244.383963019555","F2"
"30.5540192138884","251.262511155506","F2"
"29.5114319903109","246.09613203454","F2"
"28.4365077396921","239.538059604259","F2"
"31.8146184318134","258.509873078383","F2"
"30.6611216008704","250.655606764527","F2"
"29.852390506533","245.183535947538","F2"
"30.823536348976","251.683774338448","F2"
"29.4632458205709","246.954800776866","F2"
"27.9314094773761","237.755366933423","F2"
"29.1623426338391","243.7044855374","F2"
"29.8386165865997","246.558266577129","F2"
"29.8708944733378","246.111041278181","F2"
"29.0598410625691","243.831778675488","F2"
"30.047645823156","250.406932082504","F2"
"28.9275727833709","243.063840979852","F2"
"30.6793788593568","252.882829775215","F2"
"30.3355533614706","251.281053143841","F2"
"29.1568505210212","242.61555684007","F2"
"29.1713591999131","243.938406707045","F2"
"30.0114143477435","246.559016063292","F2"
"30.5709455512528","249.086060015463","F2"
"31.0663767894003","251.780243838151","F2"
"30.8794204981365","252.645985458206","F2"
"31.5759921717675","255.391733390433","F2"
"31.3688726540195","254.303276975925","F2"
"29.9038769864693","247.531482303617","F2"
"30.1327787205297","248.560011608756","F2"
"30.9399535687824","252.654515939415","F2"
"30.5837524940037","249.827479219818","F2"
"29.7550023879021","247.531205761988","F2"
"30.0822735153022","248.542375032263","F2"
"30.6480126789762","251.948476698623","F2"
"31.527508367968","255.77197038718","F2"
"28.6670088849127","241.993907686637","F2"
"29.8499168667385","247.829895804206","F2"
"28.0847781642173","238.257010620677","F2"
"30.8176389072964","251.025855238237","F2"
"28.0963194015609","238.497381786818","F2"
"30.8382823551142","252.169220932873","F2"
"29.9429615016354","248.593940586933","F2"
"31.2180337469816","254.886288626813","F2"
"28.9074459191724","243.175942949536","F2"
"30.4154665825095","249.190609328704","F2"
"27.1868794366581","233.945471637588","F2"
"30.6405589184847","252.007753518895","F2"
"29.9333756657073","247.660477337558","F2"
"30.4950029107895","249.277327368009","F2"
"31.024787376073","251.223762079934","F2"
"28.9908288604278","243.450192033394","F2"
"28.2535678563709","240.28175907298","F2"
"29.8081615044334","247.163941510957","F2"
"30.4051052557451","251.207406960368","F2"
"31.7455438096033","257.274204494707","F2"
"31.7020459424613","256.703671153818","F2"
"31.1750950937465","254.532185288138","F2"
"30.7134297452589","252.867972186284","F2"
"32.4890951446515","261.259012212941","F2"
"31.2520906381278","255.136134849513","F2"
"29.5038365912628","245.499716967119","F2"
"28.9025584824109","241.403453918062","F2"
"28.2394111607746","239.635375348007","F2"
"28.8329707148921","241.119839710234","F2"
"28.3551315504195","239.05886035647","F2"
"29.7393022274359","246.710848181654","F2"
"29.5284366894421","246.631148855843","F2"
"29.9495977615821","249.746368864521","F2"
"29.2857973560838","244.725462026109","F2"
"29.3003802444392","244.647137627186","F2"
"30.3909988549775","248.20037612571","F2"
"28.5127484250851","240.489222485299","F2"
"30.9684753007608","251.342998352166","F2"
"30.3851059346671","250.970935915076","F2"
"29.5801469691691","245.578084646145","F2"
"30.5655732507407","252.424892120565","F2"
"31.7480452117147","256.442419352277","F2"
"31.0077261816518","253.183388190901","F2"
"27.8274537088684","236.367975160466","F2"
"28.3352808787254","238.903502706531","F2"
"29.6642582114876","246.322840940223","F2"
"29.7482760570257","247.626828903609","F2"
"30.0363515970426","248.792097111645","F2"
"30.6145223476953","249.911211262425","F2"
"31.7428913622968","256.255346565839","F2"
"29.6086060172722","244.684282005576","F2"
"30.6156968737375","249.690855570422","F2"
"30.4350809098308","251.05419372138","F2"
"29.127550891007","243.704745175004","F2"
"29.8647144882087","246.972787938108","F2"
"28.5886511633864","241.213386266128","F2"
"30.374845892468","249.62482183133","F2"
"30.0420302766434","247.769799254404","F2"
"31.1084369706046","253.743076162934","F2"
"29.6967244226727","246.241958873472","F2"
"29.6743538923297","246.01248575852","F2"
"30.9598518824168","253.105462312372","F2"
"29.5340263482034","246.522854897177","F2"
"29.9527106300554","247.299702155381","F2"
"30.5680511274548","250.763107910661","F2"
"28.75427307918","241.409627094729","F2"
"30.7995783889838","251.627264758617","F2"
"29.2454694188705","244.573474144999","F2"
"30.0586524274973","250.625036372701","F2"
"29.4509428599888","245.828706853433","F2"
"29.6156600636833","246.338009743745","F2"
"29.5468523476682","245.259374804043","F2"
"30.5465077613145","250.919904119521","F2"
"30.1228873611453","249.269890823038","F2"
"29.5651358118448","248.258146319497","F2"
"30.6697586541471","252.491138452105","F2"
"28.1761360776673","240.37179428039","F2"
"29.740491497223","246.124115857292","F2"
"30.5938030800996","250.694476842257","F2"
"30.6883637624049","251.248833723856","F2"
"29.5418934779978","246.887651783159","F2"
"29.5542030644868","245.963130949865","F2"
"31.2372699919289","253.874803910311","F2"
"29.5884261941458","245.281066532427","F2"
"30.9862063548119","251.16661278961","F2"
"31.4996293570701","255.536578559541","F2"
"27.8149763990673","235.976546677663","F2"
"30.3596830091692","251.864753526046","F2"
"30.217720465215","249.597666980767","F2"
"31.785093094561","257.502180912677","F2"
"28.7543880004152","242.835318153032","F2"
"31.9287175096379","258.187348269711","F2"
"29.664485041592","247.553808280352","F2"
"28.9457766508274","242.711260326404","F2"
"30.203012254406","248.442977199716","F2"
"28.4089210056453","239.624103143882","F2"
"28.0573097138778","237.747024191888","F2"
"31.5821500057593","254.423424895893","F2"
"30.3431766648745","251.098495387296","F2"
"30.6140568614473","251.3057167572","F2"
"29.5683532186998","245.257140906796","F2"
"29.733512201684","248.069167353193","F2"
"29.6167117396759","247.083710927322","F2"
"29.5661145525595","243.961464222875","F2"
"30.2348704664297","250.298674777709","F2"
"30.8470237332308","252.107312185898","F2"
"29.9779096346093","247.035492539571","F2"
"30.7147095323925","252.671473481254","F2"
"29.0306073890781","242.514164346541","F2"
"30.1727867046136","249.656800266044","F2"
"31.1253120964184","253.388518957898","F2"
"29.1420703957834","243.338475362323","F2"
"29.1578438213654","241.866752610342","F2"
"29.9451611598619","247.475442728719","F2"
"30.2130507236846","248.218653419615","F2"
"28.7767613545524","244.546344865993","F2"
"29.5256894626392","246.775638063639","F2"
"30.2431802678123","248.631748845047","F2"
"29.1016647961524","241.878256668867","F2"
"29.9558366818886","247.708461701166","F2"
"28.8532743276476","241.444593531014","F2"
"28.7453583715539","242.336749474424","F2"
"29.787174669146","247.549953532975","F2"
"30.0627589303217","247.68181955675","F2"
"28.0239400126529","238.429721868381","F2"
"29.4882369210062","245.281414419771","F2"
"31.160304126788","255.239233224285","F2"
"30.4176992580699","249.187254966171","F2"
"30.4920709373495","251.015794524635","F2"
"29.704472456776","244.846468819702","F2"
"30.6435283189534","251.289719526948","F2"
"30.2382041210354","248.499402257367","F2"
"29.2524187961933","244.099572589633","F2"
"31.583289342571","256.20182488575","F2"
"29.6468655631089","245.192508450466","F2"
"28.6047168091739","241.157302306371","F2"
"30.9514790511473","252.207364283875","F2"
"28.7135418829743","242.238857986878","F2"
"31.395434124064","256.65733746259","F2"
"28.59876950605","241.740507196061","F2"
"30.8925389025662","253.336051436026","F2"
"29.8556796405816","245.400496664548","F2"
"31.8576806429159","257.797253220258","F2"
"31.0221036298629","253.184583575711","F2"
"29.5309567803356","245.801730613492","F2"
"31.0179937812886","252.839336059853","F2"
"30.2794621377861","250.805261433977","F2"
"30.5106162399159","249.177879068325","F2"
"28.8681678628311","242.199736160423","F2"
"29.24537948573","244.609383059625","F2"
"30.2261906995359","248.862036181947","F2"
"29.849953888033","246.160854459241","F2"
"29.5345018016013","243.371384556036","F2"
"30.1145486498363","248.375878401002","F2"
"30.7435507261079","250.668204534074","F2"
"30.4724264570503","250.146173113133","F2"
"30.7290391854019","250.162307406331","F2"
"28.2781876044505","239.174462204235","F2"
"29.1413156496409","243.938833475062","F2"
"30.9503975331603","253.281261994731","F2"
"30.6367966565667","250.229904296636","F2"
"31.4972689127627","256.025957554127","F2"
"31.3833465260215","254.345732963377","F2"
"30.2328740408941","249.292720579632","F2"
"29.4876482994639","245.282113696673","F2"
"28.9417450614814","244.714706401312","F2"
"30.2937751420328","250.104604675851","F2"
"29.8627055255358","248.898370977204","F2"
"29.8406177430337","248.03557716431","F2"
"29.4619512162486","246.275514779648","F2"
"29.4440532844034","245.183225844067","F2"
"31.7767186706414","257.395376879097","F2"
"29.0095329843048","241.295114387708","F2"
"29.4332290960218","243.52751049355","F2"
"28.8565820762943","243.212591302605","F2"
"30.4360154006138","249.075452647014","F2"
"29.5305470995656","245.407937746557","F2"
"29.010193500375","243.635667968075","F2"
"30.3574102459193","249.852996574783","F2"
"28.8384267116828","241.94493901698","F2"
"29.4537448432576","245.273293816784","F2"
"28.4255563792068","241.072164782509","F2"
"27.8506717367403","236.323923417046","F2"
"29.2520298020087","246.304435465134","F2"
"29.3389243344489","244.758746822861","F2"
"30.7264482520724","252.051403548201","F2"
"28.5194373345379","240.43020696855","F2"
"29.8090474003396","247.312342022965","F2"
"29.3331553933267","244.084905828912","F2"
"29.9809542243065","249.205743209317","F2"
"31.0047618176003","253.96186507796","F2"
"29.593446716909","245.950979029436","F2"
"31.6681169229406","255.675770720836","F2"
"31.4309699916031","256.319437188873","F2"
"29.9033766706501","247.216837413469","F2"
"29.7459526185116","246.296369494657","F2"
"29.5023543500935","246.125289193769","F2"
"29.5927512348814","244.497406115823","F2"
"29.6525657159986","244.810222279342","F2"
"30.9971454473385","252.778041308319","F2"
"29.2996514848537","242.783709293068","F2"
"30.7809646892514","250.430194672463","F2"
"30.2237292130567","248.961286432987","F2"
"27.3839502395347","235.93729125145","F2"
"30.9945289007605","253.589951971192","F2"
"30.4052482260667","250.96837199077","F2"
"29.0367367730775","244.027604224295","F2"
"30.5087334705331","250.341941852198","F2"
"31.5078643095556","255.948369254413","F2"
"29.2505660305012","243.262209320397","F2"
"29.3299848120823","243.931185400164","F2"
"30.2808554364615","249.889889413855","F2"
"30.763818719152","252.059664178463","F2"
"30.7140556015268","250.329437538507","F2"
"29.4853194192685","244.37209508838","F2"
"28.4161629807272","240.854282614973","F2"
"30.6855968437331","251.635249529094","F2"
"30.7944429316974","251.590551685587","F2"
"30.6986123694673","251.561815642525","F2"
"31.1941228167806","255.352115065525","F2"
"31.2729534790567","253.22078467906","F2"
"29.335135578841","246.719339618079","F2"
"29.8554126212397","246.959623932405","F2"
"30.6125632565177","249.855932270387","F2"
"31.3046380734846","255.212095740117","F2"
"30.0066904075026","249.30697085722","F2"
"31.2605589718449","252.105674106186","F2"
"27.3941536899726","232.669593804705","F2"
"28.6937583728076","241.497262908641","F2"
"30.2208843720558","247.85367066329","F2"
"31.4756514728666","257.127318823766","F2"
"30.5860597473068","251.189731962795","F2"
"31.1015342291894","254.706888352412","F2"
"29.5927084813754","245.485132018374","F2"
"30.3163337072281","248.815161299619","F2"
"28.9483981130392","242.086847249461","F2"
"30.0793093109303","249.112201226314","F2"
"31.0074523884991","253.391082279544","F2"
"31.2303688662766","253.99526742807","F2"
"31.0014976093717","253.381254701866","F2"
"31.1157306360114","253.129861733301","F2"
"29.7486796480801","245.713825521087","F2"
"29.1892005814369","242.361596562449","F2"
"27.7065402998528","237.199194030384","F2"
"30.7487156937108","252.476472399862","F2"
"31.0458729289557","253.029591694471","F2"
"30.0342511115847","249.152419589723","F2"
"30.3588775813467","250.528152572542","F2"
"29.2418244430773","245.679217614829","F2"
"30.5353362596521","252.192034652727","F2"
"30.5627020210275","251.394661170519","F2"
"30.2127134927111","249.512740877249","F2"
"30.4772557452782","251.07611894641","F2"
"28.1228303347168","239.176947326577","F2"
"29.7353291995183","246.1954962451","F2"
"29.5837261266345","243.970805159384","F2"
"31.094499766903","252.483296758901","F2"
"31.4844427608331","255.719254990367","F2"
"30.5815229703788","249.025416906575","F2"
"29.155825422108","240.878888994177","F2"
"30.1070897585638","247.70631034959","F2"
"30.1863456698372","248.215641462607","F2"
"31.0695679681535","252.375978216591","F2"
"32.5762632530746","262.0357008789","F2"
"28.4480064042145","240.64082959122","F2"
"29.2320326175283","244.103834776013","F2"
"29.5682429123394","246.15468572062","F2"
"28.5778868014004","241.788853506007","F2"
"29.0117954005313","245.456266042459","F2"
"28.002645423511","238.63566358554","F2"
"30.3428024412063","249.065474450128","F2"
"29.9008002785116","247.267782856392","F2"
"29.9914033150458","246.895912785988","F2"
"27.627850104333","236.939756211002","F2"
"29.4831870493848","243.754258499015","F2"
"30.5349542162932","249.816069727896","F2"
"29.6644564604531","244.971766475562","F2"
"30.7636781871204","253.325079692788","F2"
"29.6173023276494","245.92437810847","F2"
"29.2937328752962","243.633895334874","F2"
"29.5990273394939","246.128637948346","F2"
"30.8110216904613","252.840588343017","F2"
"30.3773481412049","249.795902453241","F2"
"29.7760172443056","245.22154323506","F2"
"30.255528219547","248.529541046242","F2"
"29.683185034762","247.276948804638","F2"
"29.8470253198707","246.324997287743","F2"
"28.3686060115588","239.16437428942","F2"
"29.3532379268378","245.290750212261","F2"
"31.9935052289927","258.538987452666","F2"
"30.7875140206526","254.896579399582","F2"
"29.7342891359623","246.01225336705","F2"
"30.912518582753","252.049931425588","F2"
"30.4249082278087","250.902573920551","F2"
"31.3682525853806","253.665700655794","F2"
"30.6942128260406","250.032003528395","F2"
"29.1213678211966","243.151965657809","F2"
"29.0052116065407","243.226985118414","F2"
"29.1261818645056","244.372858349212","F2"
"30.1441401050923","249.040938274206","F2"
"30.4037117050098","250.301232911507","F2"
"30.7054563129667","250.642893796693","F2"
"29.5340402484762","246.194978997294","F2"
"29.416408451478","247.59086494605","F2"
"28.5725862962933","240.091208915771","F2"
"30.4700578544645","250.547773462909","F2"
"31.0494845929242","252.624327927853","F2"
"29.4189121513683","246.265264480332","F2"
"30.4998645839014","249.770162220839","F2"
"29.5240095749546","246.547639288341","F2"
"29.8686131280703","247.262848851408","F2"
"30.3690816262933","250.349566476413","F2"
"29.046294238733","241.484040233614","F2"
"29.2365960739376","244.812878429904","F2"
"29.5376581034206","246.426703687238","F2"
"30.2852416340291","247.585884283818","F2"
"30.6191750137689","252.204997591848","F2"
"29.9765497877058","249.884098041158","F2"
"28.3904478457296","239.699306421333","F2"
"31.2609363057228","254.010363438273","F2"
"31.1122416167094","252.431468880778","F2"
"29.4634377229041","243.047254173491","F2"
"28.2160477518033","238.841489296817","F2"
"30.9388815959335","251.372445211665","F2"
"29.3790894455922","245.25154302803","F2"
"29.9381001023043","248.063441114809","F2"
"29.0434141500187","242.867317089228","F2"
"31.1248872879813","253.312842677292","F2"
"30.3122882910712","251.192357985791","F2"
"33.7714010574765","266.538909857816","F2"
"29.2616990589583","245.60835455615","F2"
"29.3991411002049","244.184385217161","F2"
"29.8261488179775","247.06479307737","F2"
"30.0963231778889","248.069522922974","F2"
"29.7098203370973","248.17067323277","F2"
"29.7955298434253","246.835986041855","F2"
"30.5370353409152","250.860953796691","F2"
"31.8937233554697","256.937959666048","F2"
"31.4509869045396","257.553843543176","F2"
"29.7462644272837","246.361612106972","F2"
"30.3097781558717","251.157469123603","F2"
"29.7558393523341","247.148353724433","F2"
"28.8805371604538","241.358438958482","F2"
"30.0100588893147","247.713462631713","F2"
"31.2717648272125","252.190289569217","F2"
"29.5604262717915","246.934949049625","F2"
"30.8533438122308","252.655152468208","F2"
"28.136999084911","239.981080434721","F2"
"30.9965147838872","254.638569106039","F2"
"30.4975403029157","250.45523336627","F2"
"31.2207370075082","251.350804067827","F2"
"30.9127950809855","253.541484515307","F2"
"29.5223897547355","248.030383699293","F2"
"33.0081893665906","261.741710615155","F2"
"29.9435437299218","247.89582571999","F2"
"29.4442662271246","246.2582757679","F2"
"32.0017327657071","258.015846723807","F2"
"29.2049692960953","245.461137831292","F2"
"29.7130915236108","244.736121132081","F2"
"30.2239977592122","248.995786520231","F2"
"29.7804903139474","247.03410958273","F2"
"29.4643026661305","245.54337892201","F2"
"30.6218067829941","251.761712009015","F2"
"30.5935661856516","249.762382794497","F2"
"30.0683263304871","249.064459133706","F2"
"31.7803307463519","257.366976996589","F2"
"30.2050396884135","249.34261431461","F2"
"27.9520875137598","237.138866028284","F2"
"30.4462743850349","250.058603856942","F2"
"31.1259064590207","253.793950267011","F2"
"30.5624484106191","250.716319197231","F2"
"28.6772548924579","240.475922130773","F2"
"30.61075917035","249.614974040668","F2"
"30.7750242711","252.3876666258","F2"
"29.1324431440941","243.310082832053","F2"
"28.830232712136","240.978823741692","F2"
"32.5432589363247","261.56394553016","F2"
"29.4627746303089","244.001439376977","F2"
"29.1636006801312","244.674419227269","F2"
"29.1155285085578","241.562923291484","F2"
"29.7595459162152","246.727365915144","F2"
"30.7853021269474","253.905253916466","F2"
"30.3653254565566","250.803443937643","F2"
"30.900906071693","252.502504476955","F2"
"29.5759638105279","246.472562547175","F2"
"30.0899372381949","248.945243214104","F2"
"29.5641537193705","246.540905253568","F2"
"30.0910845460203","248.389829745052","F2"
"29.6382211665439","245.668283513335","F2"
"28.8961538651427","241.020205946636","F2"
"29.4831915999742","254.797790271001","F3"
"28.6932621269499","252.34998203086","F3"
"31.0568518854768","264.477749703943","F3"
"28.0894457805685","249.539215739882","F3"
"28.0461639365932","248.477987515378","F3"
"31.0284247309327","263.524481943281","F3"
"30.5743350869548","260.292957666472","F3"
"30.667175404977","261.675224327785","F3"
"29.6746969179119","255.749326201482","F3"
"29.9513385122906","258.789326402334","F3"
"30.6141337501339","261.705244277972","F3"
"30.1746143326321","258.37257880815","F3"
"29.1777024420319","251.780167613572","F3"
"30.580876207535","262.64787778178","F3"
"29.4271090852265","253.920445545894","F3"
"30.1641611885527","257.666757114458","F3"
"30.4609390155577","259.952790066325","F3"
"29.4222234927421","254.454378950665","F3"
"30.8650948437603","264.470515107956","F3"
"29.5550403580419","255.499901083064","F3"
"31.3385470467229","263.949340195744","F3"
"28.9674222231462","251.826839230306","F3"
"30.2886368742763","261.598988530999","F3"
"29.8411328668497","257.262934406748","F3"
"29.9048136174455","258.165065143215","F3"
"30.7099842214151","261.257778431385","F3"
"29.2193229522284","254.334688222575","F3"
"31.2750414898429","264.931632569475","F3"
"30.4223355117876","259.146575271859","F3"
"30.7626673763707","262.598967938899","F3"
"27.8189328431623","245.715560083323","F3"
"29.2997672865308","254.178330310553","F3"
"30.6259087247029","262.736197872368","F3"
"31.8650194876221","267.652642571693","F3"
"31.2140014996178","265.101240030528","F3"
"30.5255649803999","259.952993086792","F3"
"31.4317624162942","265.59656838624","F3"
"29.5487250725326","257.539323364264","F3"
"29.8805096052182","256.583946059257","F3"
"31.3589121330575","265.156070877033","F3"
"30.0224750976328","258.344604579367","F3"
"31.3460409045477","265.50035679807","F3"
"29.7041821782582","256.497196514467","F3"
"31.4269449397687","265.051708638022","F3"
"30.0710105126389","258.642837243001","F3"
"29.2272284079234","255.807837353385","F3"
"28.9566102437559","250.242960942684","F3"
"29.4807269200917","255.508961023342","F3"
"30.2809867959391","260.176573620986","F3"
"29.3178687199259","252.344606547458","F3"
"31.271796959842","263.878465701692","F3"
"30.8474179594197","262.003970876325","F3"
"30.8785836831222","261.753453035218","F3"
"29.8769485507481","258.918992863621","F3"
"29.9832868071065","255.882291929921","F3"
"30.0460963282595","260.900977679256","F3"
"30.087411208377","257.4612483879","F3"
"29.5096108590499","254.148488718183","F3"
"29.7484706292615","255.335257772655","F3"
"30.0591641068604","258.534502136929","F3"
"29.2368720086251","255.251035619943","F3"
"30.6584124211754","260.997820352676","F3"
"31.4666112615068","264.570024969066","F3"
"31.6750798689634","266.649175350893","F3"
"29.5880026862618","257.170009003317","F3"
"30.5505851796169","259.829392748157","F3"
"30.4961279014891","260.215963183075","F3"
"30.0822018601876","258.926881949063","F3"
"31.26772650587","264.190028344733","F3"
"29.605459367345","254.859120554038","F3"
"31.4798245744813","265.842007898967","F3"
"30.4523702051959","260.649507244653","F3"
"31.7329847372188","267.766982504458","F3"
"29.793223697551","256.791152893205","F3"
"30.1020853018729","258.300294713525","F3"
"29.853117688056","257.472038459724","F3"
"29.4029148889669","255.567992618059","F3"
"30.5540192138884","262.229730884442","F3"
"29.5114319903109","254.730777562031","F3"
"28.4365077396921","250.649846316144","F3"
"31.8146184318134","268.36811001779","F3"
"30.6611216008704","260.71565387039","F3"
"29.852390506533","258.349894801328","F3"
"30.823536348976","261.222194108111","F3"
"29.4632458205709","256.446138075128","F3"
"27.9314094773761","247.480354233078","F3"
"29.1623426338391","251.261413014206","F3"
"29.8386165865997","257.494003703658","F3"
"29.8708944733378","256.687748715005","F3"
"29.0598410625691","252.24964740212","F3"
"30.047645823156","258.296594269517","F3"
"28.9275727833709","253.94387326305","F3"
"30.6793788593568","261.635398960718","F3"
"30.3355533614706","259.063250105076","F3"
"29.1568505210212","254.798813807674","F3"
"29.1713591999131","256.019299573447","F3"
"30.0114143477435","257.572404885444","F3"
"30.5709455512528","260.267554609148","F3"
"31.0663767894003","264.385199477484","F3"
"30.8794204981365","262.944209140565","F3"
"31.5759921717675","267.598742608452","F3"
"31.3688726540195","263.778503532077","F3"
"29.9038769864693","257.818550352519","F3"
"30.1327787205297","260.529929230362","F3"
"30.9399535687824","261.672388582999","F3"
"30.5837524940037","261.120738350624","F3"
"29.7550023879021","257.001970321513","F3"
"30.0822735153022","257.845839485407","F3"
"30.6480126789762","260.00893971206","F3"
"31.527508367968","265.091372250845","F3"
"28.6670088849127","252.021345775968","F3"
"29.8499168667385","256.735751371917","F3"
"28.0847781642173","248.528177761417","F3"
"30.8176389072964","261.15231419998","F3"
"28.0963194015609","249.98501152072","F3"
"30.8382823551142","263.562663135082","F3"
"29.9429615016354","256.840753863879","F3"
"31.2180337469816","264.042999365085","F3"
"28.9074459191724","250.768998545357","F3"
"30.4154665825095","259.957648018138","F3"
"27.1868794366581","243.998842905773","F3"
"30.6405589184847","262.315280026617","F3"
"29.9333756657073","256.282390707655","F3"
"30.4950029107895","260.826359419697","F3"
"31.024787376073","263.338256566534","F3"
"28.9908288604278","252.525970105845","F3"
"28.2535678563709","250.623236735935","F3"
"29.8081615044334","258.181724186106","F3"
"30.4051052557451","260.459406731871","F3"
"31.7455438096033","267.394313039651","F3"
"31.7020459424613","265.49286860796","F3"
"31.1750950937465","265.856021188166","F3"
"30.7134297452589","261.580379182496","F3"
"32.4890951446515","270.457480133518","F3"
"31.2520906381278","264.392191116359","F3"
"29.5038365912628","256.318423198344","F3"
"28.9025584824109","254.782948957535","F3"
"28.2394111607746","247.105327944806","F3"
"28.8329707148921","252.015289794596","F3"
"28.3551315504195","250.139095046097","F3"
"29.7393022274359","255.582484407174","F3"
"29.5284366894421","255.994376204162","F3"
"29.9495977615821","255.995407502591","F3"
"29.2857973560838","255.968444326904","F3"
"29.3003802444392","255.419873956593","F3"
"30.3909988549775","258.940872523912","F3"
"28.5127484250851","251.977634272877","F3"
"30.9684753007608","263.679305069702","F3"
"30.3851059346671","259.993238688318","F3"
"29.5801469691691","256.001095192722","F3"
"30.5655732507407","261.721593298445","F3"
"31.7480452117147","267.536737020462","F3"
"31.0077261816518","263.806392359317","F3"
"27.8274537088684","247.239159563044","F3"
"28.3352808787254","249.626359700495","F3"
"29.6642582114876","256.737307964511","F3"
"29.7482760570257","256.693439373004","F3"
"30.0363515970426","256.483349472117","F3"
"30.6145223476953","261.665792085809","F3"
"31.7428913622968","265.121845926168","F3"
"29.6086060172722","255.167540817496","F3"
"30.6156968737375","260.28114868327","F3"
"30.4350809098308","257.310664698866","F3"
"29.127550891007","254.484307049803","F3"
"29.8647144882087","259.654023635541","F3"
"28.5886511633864","252.238931779725","F3"
"30.374845892468","259.713806805967","F3"
"30.0420302766434","257.813485053559","F3"
"31.1084369706046","261.172777019391","F3"
"29.6967244226727","256.459359594505","F3"
"29.6743538923297","255.902388991206","F3"
"30.9598518824168","264.355362729987","F3"
"29.5340263482034","255.70877851227","F3"
"29.9527106300554","258.375636559888","F3"
"30.5680511274548","259.72007842209","F3"
"28.75427307918","251.32850146148","F3"
"30.7995783889838","262.218042102548","F3"
"29.2454694188705","253.071536104629","F3"
"30.0586524274973","258.763651177089","F3"
"29.4509428599888","255.077785581352","F3"
"29.6156600636833","258.394202294384","F3"
"29.5468523476682","257.36932211484","F3"
"30.5465077613145","260.130760133536","F3"
"30.1228873611453","259.041834226858","F3"
"29.5651358118448","257.018281512195","F3"
"30.6697586541471","262.3432710169","F3"
"28.1761360776673","250.833831397668","F3"
"29.740491497223","255.648001802068","F3"
"30.5938030800996","263.228415617665","F3"
"30.6883637624049","263.458118046644","F3"
"29.5418934779978","257.897600434997","F3"
"29.5542030644868","254.001336006503","F3"
"31.2372699919289","263.387877848428","F3"
"29.5884261941458","255.74307996036","F3"
"30.9862063548119","261.388214544472","F3"
"31.4996293570701","263.63283448695","F3"
"27.8149763990673","248.610164644733","F3"
"30.3596830091692","260.516950881099","F3"
"30.217720465215","256.949588867743","F3"
"31.785093094561","266.85763002468","F3"
"28.7543880004152","250.410874541434","F3"
"31.9287175096379","266.014076515059","F3"
"29.664485041592","255.466327563145","F3"
"28.9457766508274","250.686203571441","F3"
"30.203012254406","259.419369564067","F3"
"28.4089210056453","249.899801739881","F3"
"28.0573097138778","248.436955411905","F3"
"31.5821500057593","264.611830606283","F3"
"30.3431766648745","259.436780030487","F3"
"30.6140568614473","262.363299174635","F3"
"29.5683532186998","256.22215830415","F3"
"29.733512201684","255.589704028577","F3"
"29.6167117396759","255.958198186551","F3"
"29.5661145525595","256.195656096832","F3"
"30.2348704664297","260.346193771071","F3"
"30.8470237332308","260.940860918263","F3"
"29.9779096346093","258.169153317204","F3"
"30.7147095323925","261.69979234435","F3"
"29.0306073890781","253.048353953479","F3"
"30.1727867046136","258.227782131287","F3"
"31.1253120964184","263.940232773733","F3"
"29.1420703957834","253.808676178414","F3"
"29.1578438213654","254.953873740284","F3"
"29.9451611598619","256.776347356646","F3"
"30.2130507236846","260.9003464034","F3"
"28.7767613545524","252.631473907085","F3"
"29.5256894626392","258.146718870533","F3"
"30.2431802678123","259.851206392245","F3"
"29.1016647961524","252.819355130503","F3"
"29.9558366818886","256.013916489296","F3"
"28.8532743276476","252.521011963363","F3"
"28.7453583715539","249.115079912682","F3"
"29.787174669146","256.826326383759","F3"
"30.0627589303217","258.927713889918","F3"
"28.0239400126529","246.583388861859","F3"
"29.4882369210062","255.160399800151","F3"
"31.160304126788","264.298214574704","F3"
"30.4176992580699","260.898051650963","F3"
"30.4920709373495","259.218126001603","F3"
"29.704472456776","256.717779703298","F3"
"30.6435283189534","262.44982462702","F3"
"30.2382041210354","259.043232938016","F3"
"29.2524187961933","253.272122377279","F3"
"31.583289342571","265.57641150287","F3"
"29.6468655631089","256.798962150945","F3"
"28.6047168091739","250.41268021419","F3"
"30.9514790511473","261.842891524519","F3"
"28.7135418829743","251.021874809523","F3"
"31.395434124064","264.486950284095","F3"
"28.59876950605","249.746313255604","F3"
"30.8925389025662","262.683268598458","F3"
"29.8556796405816","256.809992876451","F3"
"31.8576806429159","265.23668431738","F3"
"31.0221036298629","263.32673419472","F3"
"29.5309567803356","254.987669107616","F3"
"31.0179937812886","263.697531481631","F3"
"30.2794621377861","259.213418300199","F3"
"30.5106162399159","259.21730526033","F3"
"28.8681678628311","251.083094031415","F3"
"29.24537948573","254.737212113337","F3"
"30.2261906995359","259.813206733702","F3"
"29.849953888033","257.548552292953","F3"
"29.5345018016013","256.448446373251","F3"
"30.1145486498363","256.397224646067","F3"
"30.7435507261079","262.802364529096","F3"
"30.4724264570503","261.133871225091","F3"
"30.7290391854019","260.840593057556","F3"
"28.2781876044505","248.003171607462","F3"
"29.1413156496409","251.460276267635","F3"
"30.9503975331603","264.733770473214","F3"
"30.6367966565667","261.65014000021","F3"
"31.4972689127627","264.717693196684","F3"
"31.3833465260215","263.426274854376","F3"
"30.2328740408941","258.321302174961","F3"
"29.4876482994639","254.936280884641","F3"
"28.9417450614814","251.957918527656","F3"
"30.2937751420328","259.258602180168","F3"
"29.8627055255358","256.663977591494","F3"
"29.8406177430337","256.524206781384","F3"
"29.4619512162486","252.981558208533","F3"
"29.4440532844034","256.168361882311","F3"
"31.7767186706414","265.729351022529","F3"
"29.0095329843048","253.110884756502","F3"
"29.4332290960218","254.676039713734","F3"
"28.8565820762943","251.394062524386","F3"
"30.4360154006138","260.414983083529","F3"
"29.5305470995656","254.767197661035","F3"
"29.010193500375","254.174199267443","F3"
"30.3574102459193","259.805451962038","F3"
"28.8384267116828","250.208716707114","F3"
"29.4537448432576","255.123967782423","F3"
"28.4255563792068","249.888567463988","F3"
"27.8506717367403","249.767834697348","F3"
"29.2520298020087","254.657714131586","F3"
"29.3389243344489","254.909180106237","F3"
"30.7264482520724","261.489138663123","F3"
"28.5194373345379","251.812127858859","F3"
"29.8090474003396","257.473900282248","F3"
"29.3331553933267","254.51531807178","F3"
"29.9809542243065","256.077619629923","F3"
"31.0047618176003","264.66915603688","F3"
"29.593446716909","254.774242016838","F3"
"31.6681169229406","266.561280554429","F3"
"31.4309699916031","265.179843855736","F3"
"29.9033766706501","256.45620938655","F3"
"29.7459526185116","257.525848845634","F3"
"29.5023543500935","256.671774860826","F3"
"29.5927512348814","255.104026097437","F3"
"29.6525657159986","256.231366858255","F3"
"30.9971454473385","261.522591342839","F3"
"29.2996514848537","253.684804855874","F3"
"30.7809646892514","262.424478062991","F3"
"30.2237292130567","260.08912440886","F3"
"27.3839502395347","243.456107398513","F3"
"30.9945289007605","262.473382756254","F3"
"30.4052482260667","259.755735735678","F3"
"29.0367367730775","254.004272630072","F3"
"30.5087334705331","259.684672811544","F3"
"31.5078643095556","264.35093268383","F3"
"29.2505660305012","253.914505083002","F3"
"29.3299848120823","256.479908746505","F3"
"30.2808554364615","262.276267439714","F3"
"30.763818719152","261.16582771753","F3"
"30.7140556015268","262.613791493705","F3"
"29.4853194192685","256.780534054642","F3"
"28.4161629807272","251.08828487779","F3"
"30.6855968437331","262.593813044377","F3"
"30.7944429316974","262.158291737632","F3"
"30.6986123694673","262.245677426438","F3"
"31.1941228167806","264.97464365169","F3"
"31.2729534790567","263.530224434444","F3"
"29.335135578841","254.272467214896","F3"
"29.8554126212397","255.71239938058","F3"
"30.6125632565177","263.17130404705","F3"
"31.3046380734846","263.34529265045","F3"
"30.0066904075026","259.554732948394","F3"
"31.2605589718449","265.904011444279","F3"
"27.3941536899726","245.606548600921","F3"
"28.6937583728076","251.91959009439","F3"
"30.2208843720558","260.500827645242","F3"
"31.4756514728666","265.188261896537","F3"
"30.5860597473068","259.708301473544","F3"
"31.1015342291894","265.997886116164","F3"
"29.5927084813754","257.280940810854","F3"
"30.3163337072281","259.973205775496","F3"
"28.9483981130392","251.837869426148","F3"
"30.0793093109303","258.06539469765","F3"
"31.0074523884991","265.203661251839","F3"
"31.2303688662766","264.419944658621","F3"
"31.0014976093717","264.592471902467","F3"
"31.1157306360114","264.916535330628","F3"
"29.7486796480801","255.648098189679","F3"
"29.1892005814369","254.621015158098","F3"
"27.7065402998528","247.19978412004","F3"
"30.7487156937108","261.280083883046","F3"
"31.0458729289557","263.585218461653","F3"
"30.0342511115847","255.982411589311","F3"
"30.3588775813467","260.749237223014","F3"
"29.2418244430773","254.468909037223","F3"
"30.5353362596521","260.332128083986","F3"
"30.5627020210275","258.909492976119","F3"
"30.2127134927111","259.601546100729","F3"
"30.4772557452782","259.211598034903","F3"
"28.1228303347168","248.251595834366","F3"
"29.7353291995183","256.98431599048","F3"
"29.5837261266345","255.348875902684","F3"
"31.094499766903","264.830856154108","F3"
"31.4844427608331","266.151755429407","F3"
"30.5815229703788","263.214453162522","F3"
"29.155825422108","252.505865837023","F3"
"30.1070897585638","258.777966554839","F3"
"30.1863456698372","258.925537630283","F3"
"31.0695679681535","263.469503627351","F3"
"32.5762632530746","270.981621157275","F3"
"28.4480064042145","250.78214039878","F3"
"29.2320326175283","254.924383518138","F3"
"29.5682429123394","257.051126746421","F3"
"28.5778868014004","249.860410574969","F3"
"29.0117954005313","251.936761599205","F3"
"28.002645423511","247.058076416375","F3"
"30.3428024412063","259.183476959062","F3"
"29.9008002785116","256.907963554019","F3"
"29.9914033150458","257.38330388106","F3"
"27.627850104333","247.046048234114","F3"
"29.4831870493848","256.241624142591","F3"
"30.5349542162932","258.442392795093","F3"
"29.6644564604531","256.296940473212","F3"
"30.7636781871204","262.415315556136","F3"
"29.6173023276494","255.699283197049","F3"
"29.2937328752962","254.507121166277","F3"
"29.5990273394939","255.41091858275","F3"
"30.8110216904613","261.634363942275","F3"
"30.3773481412049","259.239120624488","F3"
"29.7760172443056","257.609830531079","F3"
"30.255528219547","259.158822162528","F3"
"29.683185034762","255.223502636889","F3"
"29.8470253198707","258.006014331569","F3"
"28.3686060115588","249.423069120855","F3"
"29.3532379268378","254.947086902641","F3"
"31.9935052289927","269.012477640477","F3"
"30.7875140206526","260.049992930113","F3"
"29.7342891359623","258.241132132562","F3"
"30.912518582753","260.218340489659","F3"
"30.4249082278087","259.77358478715","F3"
"31.3682525853806","265.262581223124","F3"
"30.6942128260406","262.110294578405","F3"
"29.1213678211966","251.714390952743","F3"
"29.0052116065407","253.14598102101","F3"
"29.1261818645056","254.770772679167","F3"
"30.1441401050923","259.172860824102","F3"
"30.4037117050098","259.39971850628","F3"
"30.7054563129667","262.255555520506","F3"
"29.5340402484762","255.936492200982","F3"
"29.416408451478","255.041043719141","F3"
"28.5725862962933","251.844400095379","F3"
"30.4700578544645","260.327295106736","F3"
"31.0494845929242","263.519678549213","F3"
"29.4189121513683","254.841523155628","F3"
"30.4998645839014","260.763484649893","F3"
"29.5240095749546","255.51622849114","F3"
"29.8686131280703","257.257062628876","F3"
"30.3690816262933","261.086880673573","F3"
"29.046294238733","253.597235525245","F3"
"29.2365960739376","252.857368347915","F3"
"29.5376581034206","255.339095643799","F3"
"30.2852416340291","260.968975189396","F3"
"30.6191750137689","260.741224118573","F3"
"29.9765497877058","257.886838097911","F3"
"28.3904478457296","248.744621155772","F3"
"31.2609363057228","265.959305109898","F3"
"31.1122416167094","262.368837788539","F3"
"29.4634377229041","255.687922001137","F3"
"28.2160477518033","248.606458187756","F3"
"30.9388815959335","263.105210260922","F3"
"29.3790894455922","255.043780361306","F3"
"29.9381001023043","257.800618897088","F3"
"29.0434141500187","252.585700262812","F3"
"31.1248872879813","263.561262990288","F3"
"30.3122882910712","261.043281882016","F3"
"33.7714010574765","276.048008443994","F3"
"29.2616990589583","254.649685347225","F3"
"29.3991411002049","255.135592816099","F3"
"29.8261488179775","255.515714319375","F3"
"30.0963231778889","258.9649573459","F3"
"29.7098203370973","255.8593065142","F3"
"29.7955298434253","254.818675112415","F3"
"30.5370353409152","260.685695082061","F3"
"31.8937233554697","268.621604697079","F3"
"31.4509869045396","265.964850418426","F3"
"29.7462644272837","256.423871790396","F3"
"30.3097781558717","260.64607305551","F3"
"29.7558393523341","257.428046027046","F3"
"28.8805371604538","251.587331191618","F3"
"30.0100588893147","257.612878052008","F3"
"31.2717648272125","263.708841535367","F3"
"29.5604262717915","256.825453018428","F3"
"30.8533438122308","263.945802942482","F3"
"28.136999084911","249.435892749824","F3"
"30.9965147838872","262.297813303878","F3"
"30.4975403029157","260.157994348275","F3"
"31.2207370075082","264.113964951712","F3"
"30.9127950809855","262.343551352962","F3"
"29.5223897547355","256.328464036923","F3"
"33.0081893665906","273.73414362098","F3"
"29.9435437299218","256.904422828656","F3"
"29.4442662271246","254.659389172901","F3"
"32.0017327657071","268.829513489022","F3"
"29.2049692960953","252.72376929706","F3"
"29.7130915236108","257.350900726043","F3"
"30.2239977592122","260.93726772389","F3"
"29.7804903139474","256.01508896639","F3"
"29.4643026661305","255.4129324552","F3"
"30.6218067829941","260.530448989763","F3"
"30.5935661856516","262.28877091227","F3"
"30.0683263304871","257.037807845758","F3"
"31.7803307463519","266.296922757612","F3"
"30.2050396884135","257.343029308955","F3"
"27.9520875137598","247.731398066151","F3"
"30.4462743850349","261.93291738706","F3"
"31.1259064590207","264.751347858214","F3"
"30.5624484106191","259.464580324505","F3"
"28.6772548924579","251.025772174033","F3"
"30.61075917035","261.831634007861","F3"
"30.7750242711","262.040861623534","F3"
"29.1324431440941","253.489956887556","F3"
"28.830232712136","252.282798720522","F3"
"32.5432589363247","269.867114882023","F3"
"29.4627746303089","256.260946048873","F3"
"29.1636006801312","254.992996039266","F3"
"29.1155285085578","253.907158277705","F3"
"29.7595459162152","256.429238720909","F3"
"30.7853021269474","261.457835398354","F3"
"30.3653254565566","262.233572572536","F3"
"30.900906071693","263.37035392587","F3"
"29.5759638105279","255.415366425531","F3"
"30.0899372381949","258.430218299449","F3"
"29.5641537193705","255.152520462905","F3"
"30.0910845460203","256.299827177856","F3"
"29.6382211665439","256.499763776624","F3"
"28.8961538651427","252.409675163919","F3"
